{"keyset": {"lweSecretKeys": [{"id": 0, "params": {"lweDimension": 2048, "integerPrecision": 64, "keyType": "binary"}}, {"id": 1, "params": {"lweDimension": 595, "integerPrecision": 64, "keyType": "binary"}}, {"id": 2, "params": {"lweDimension": 1280, "integerPrecision": 64, "keyType": "binary"}}, {"id": 3, "params": {"lweDimension": 676, "integerPrecision": 64, "keyType": "binary"}}, {"id": 4, "params": {"lweDimension": 2048, "integerPrecision": 64, "keyType": "binary"}}, {"id": 5, "params": {"lweDimension": 737, "integerPrecision": 64, "keyType": "binary"}}], "lweBootstrapKeys": [{"id": 0, "inputId": 1, "outputId": 0, "params": {"levelCount": 1, "baseLog": 23, "glweDimension": 4, "polynomialSize": 512, "variance": 8.442253112932959e-31, "integerPrecision": 64, "modulus": {"modulus": {"native": {}}}, "keyType": "binary", "inputLweDimension": 595}, "compression": "seed"}, {"id": 1, "inputId": 3, "outputId": 2, "params": {"levelCount": 2, "baseLog": 10, "glweDimension": 5, "polynomialSize": 256, "variance": 6.429662658896972e-19, "integerPrecision": 64, "modulus": {"modulus": {"native": {}}}, "keyType": "binary", "inputLweDimension": 676}, "compression": "seed"}, {"id": 2, "inputId": 5, "outputId": 4, "params": {"levelCount": 2, "baseLog": 15, "glweDimension": 1, "polynomialSize": 2048, "variance": 8.442253112932959e-31, "integerPrecision": 64, "modulus": {"modulus": {"native": {}}}, "keyType": "binary", "inputLweDimension": 737}, "compression": "seed"}], "lweKeyswitchKeys": [{"id": 0, "inputId": 0, "outputId": 1, "params": {"levelCount": 3, "baseLog": 3, "variance": 2.5458030934900626e-08, "integerPrecision": 64, "modulus": {"modulus": {"native": {}}}, "keyType": "binary", "inputLweDimension": 2048, "outputLweDimension": 595}, "compression": "seed"}, {"id": 1, "inputId": 0, "outputId": 3, "params": {"levelCount": 3, "baseLog": 4, "variance": 1.421260277008974e-09, "integerPrecision": 64, "modulus": {"modulus": {"native": {}}}, "keyType": "binary", "inputLweDimension": 2048, "outputLweDimension": 676}, "compression": "seed"}, {"id": 2, "inputId": 2, "outputId": 5, "params": {"levelCount": 7, "baseLog": 2, "variance": 1.617865721849583e-10, "integerPrecision": 64, "modulus": {"modulus": {"native": {}}}, "keyType": "binary", "inputLweDimension": 1280, "outputLweDimension": 737}, "compression": "seed"}], "packingKeyswitchKeys": []}, "circuits": [{"inputs": [{"rawInfo": {"shape": {"dimensions": [1, 76, 3]}, "integerPrecision": 64, "isSigned": false}, "typeInfo": {"lweCiphertext": {"abstractShape": {"dimensions": [1, 76]}, "concreteShape": {"dimensions": [1, 76, 3]}, "integerPrecision": 64, "encryption": {"keyId": 0, "variance": 8.442253112932959e-31, "lweDimension": 2048, "modulus": {"modulus": {"native": {}}}}, "compression": "seed", "encoding": {"integer": {"width": 8, "isSigned": false, "mode": {"native": {}}}}}}}], "outputs": [{"rawInfo": {"shape": {"dimensions": [1, 2, 100, 2049]}, "integerPrecision": 64, "isSigned": false}, "typeInfo": {"lweCiphertext": {"abstractShape": {"dimensions": [1, 2, 100]}, "concreteShape": {"dimensions": [1, 2, 100, 2049]}, "integerPrecision": 64, "encryption": {"keyId": 4, "variance": 8.442253112932959e-31, "lweDimension": 2048, "modulus": {"modulus": {"native": {}}}}, "compression": "none", "encoding": {"integer": {"width": 6, "isSigned": false, "mode": {"native": {}}}}}}}], "name": "_lambda__proxy"}], "tfhers_specs": {"input_types_per_func": {"_lambda__proxy": [null]}, "output_types_per_func": {"_lambda__proxy": [null]}, "input_shapes_per_func": {"_lambda__proxy": [null]}, "output_shapes_per_func": {"_lambda__proxy": [null]}}}